Option,Percentage,Title,Link,Total Votes
C+/ C++,28%,Which programming language do you believe will boost a developer's career the most?,https://www.linkedin.com/feed/update/urn:li:activity:7236738464933679104?utm_source=share&utm_medium=member_desktop,715 votes
Java,57%,Which programming language do you believe will boost a developer's career the most?,,715 votes
Rust,6%,Which programming language do you believe will boost a developer's career the most?,,715 votes
Other (write in comments),8%,Which programming language do you believe will boost a developer's career the most?,,715 votes
SEMRush,73%,Which SEO tool do you recommend?,https://www.linkedin.com/feed/update/urn:li:activity:7234975732236513280?utm_source=share&utm_medium=member_desktop,197 votes
Ahrefs,18%,Which SEO tool do you recommend?,,197 votes
Moz,4%,Which SEO tool do you recommend?,,197 votes
Ubersuggest,5%,Which SEO tool do you recommend?,,197 votes
Avoid Duplicate Content,31%,What is the main role of robots.txt in your SEO projects? ,https://www.linkedin.com/feed/update/urn:li:activity:7229773890799955968?utm_source=share&utm_medium=member_desktop,177 votes
Manage Crawl Budget,49%,What is the main role of robots.txt in your SEO projects? ,,177 votes
Protect Sensitive Information,20%,What is the main role of robots.txt in your SEO projects? ,,177 votes
Front-End,25%,What is your role in software development? ,https://www.linkedin.com/feed/update/urn:li:activity:7229049121259548674?utm_source=share&utm_medium=member_desktop,"1,029 votes"
Back-End,22%,What is your role in software development? ,,"1,029 votes"
Full-Stack,48%,What is your role in software development? ,,"1,029 votes"
None of these (write comments),4%,What is your role in software development? ,,"1,029 votes"
Time management,43%,What is the biggest challenge you face in software development?,https://www.linkedin.com/feed/update/urn:li:activity:7234122533564805120/?utm_source=share&utm_medium=member_desktop,104 votes
Bug fixing,21%,What is the biggest challenge you face in software development?,,104 votes
Learn new technologies,21%,What is the biggest challenge you face in software development?,,104 votes
Writing clean codes,14%,What is the biggest challenge you face in software development?,,104 votes
Guest blogging,55%,What is the most effective technique to create quality backlinks?,https://www.linkedin.com/feed/update/urn:li:activity:7232310597118304257/?utm_source=share&utm_medium=member_desktop,83 votes
Buying links,5%,What is the most effective technique to create quality backlinks?,,83 votes
Writing quality content,40%,What is the most effective technique to create quality backlinks?,,83 votes
AI,42%,What programming skill do you want to develop this year?,https://www.linkedin.com/feed/update/urn:li:activity:7231585905394745344/?utm_source=share&utm_medium=member_desktop%27,416 votes
Data Analytics,15%,What programming skill do you want to develop this year?,,416 votes
Web/Mobile Development,38%,What programming skill do you want to develop this year?,,416 votes
Automations,5%,What programming skill do you want to develop this year?,,416 votes
HTML and CSS structure (UX/UI),8%,What is the most important factor to rank a institucional website on Google?,https://www.linkedin.com/feed/update/urn:li:activity:7229824584160579584/?utm_source=share&utm_medium=member_desktop,132 votes
Backlinks,23%,What is the most important factor to rank a institucional website on Google?,,132 votes
Content quality,61%,What is the most important factor to rank a institucional website on Google?,,132 votes
Page loading speed,8%,What is the most important factor to rank a institucional website on Google?,,132 votes
